word,count
我妈,26
前几天,5
给我打电话,5
要装,6
无良,15
公司,200
超过,5
60,12
岁,7
签,46
老人,22
偿还,7
能力,6
我看了,5
合同,191
真的,42
满满,2
都写,3
吃人,11
不让,9
骂我,2
家,13
装了,65
收了,5
两三年,3
钱了,3
几年前,12
非法集资,4
跑业务,2
夫妻,2
为数不多,2
存款,4
打了,4
水漂,2
又要,4
光伏,607
发电,163
坑,41
儿子,3
骗局,127
诈骗,157
换个,6
幌子,3
骗,55
仔细,4
团伙,7
责任,11
归给,2
避重就轻,3
关键,6
合法,16
家用,9
发电设备,6
整套,4
便宜,12
五万,2
自带,2
电池,27
停电,8
撑,3
一会,3
那种,19
像这种,5
免费,73
发点,4
不过是,5
免费送,3
高级,4
保健品,2
一类,4
变种,2
一七年,2
外婆,2
还在,13
村,34
来了,18
搞,41
宣传,22
就像,7
熟知,2
传统,3
手段,8
先是,4
送盆,2
送,5
抹布,2
便宜货,2
然后又,4
三天,3
一大群,3
老年人,10
掏出,2
八百多,2
买了,12
九块九,2
包邮,2
带有,3
感温,2
变色,2
体的,2
碗,2
劝,5
不住,3
因为他们,3
就信,2
我还是,5
资本家,7
就该,2
找个,3
路灯,6
挂起来,2
求,2
置顶,2
评论,26
区,15
人说,8
抹黑,17
亲身经历,2
告诉我,2
东西,83
我老爸,3
被骗,40
说什么,6
回本,68
赚钱,87
欺骗,10
农民,49
不懂,19
经济,4
时间价值,2
最理想,3
状况,3
也要,10
安装,162
忽悠,16
签合同,34
交钱,7
等我,5
回来,13
才知道,3
这件事,5
打开,3
一看,3
全是,7
保障,5
利益,13
条款,8
包,3
人员,11
吃住,2
陌生人,2
你家,17
搬运,4
屋顶,85
解决,10
跟着,5
帮忙,3
出了问题,4
再打电话,2
孙子,3
大爷,5
气,2
要死,2
收益,68
达不到,2
预期,2
骗子,95
玩意,50
有钱,12
放,15
支付宝,4
都比,12
香,2
还是得,2
找,35
谱,15
央企,4
行业,44
从业者,4
得说,2
事,17
错,9
追,2
热点,3
太可恶,2
投资,70
回收期,6
地点,2
光照,19
条件,11
越好,2
回收,13
越快,2
设备,141
选用,2
可靠,5
大厂,9
时,11
市场价格,2
十年,42
这么久,2
江浙沪,3
56,2
农村,53
项目,62
本来,10
面积,7
也就,15
几万,7
投资总额,2
这里面,4
如果在,2
以次充好,4
加收,2
几千元,2
过量,2
设备安装,3
费用,16
测算,3
会对,2
内部,3
收益率,10
影响,11
很大,7
想做,3
要看,6
当地的,5
补贴,64
上网,14
电价,19
再找,2
专业人员,2
采购,4
懂,11
电气设备,2
产品质量,2
大公司,7
推出了,2
整县,3
推进,7
政策,15
会有,4
越来越,8
正规,21
希望大家,2
别对,2
丧失,2
信心,2
转移,6
话题,3
锅,7
上贴,3
居心,4
保卫,4
萝卜,4
_,19
你说的,17
新能源,42
产业,42
我国,16
摆脱,2
美国,5
石油,3
霸权,4
美元,2
武器,3
不存在,3
产能过剩,18
碳,11
减排,5
火电厂,2
发电量,17
下降,5
电力,13
缺口,2
非常大,2
电力行业,2
都在,10
讨论,3
源网,2
荷储,2
能源,11
端口,2
电费,58
面临,4
涨价,3
压力,4
多年,6
没涨,2
国家,98
压着,2
太阳能发电,11
几波,2
几年,16
就回,5
赚,58
钱,86
一句,13
话,10
我没有,3
时间,16
照看,2
250,2
平方,5
租,31
随便,6
我拟,2
一份,5
按年,3
给我,18
房租,4
就可以,8
我不管,2
一年,70
1000,15
块,18
就行了,11
后续,9
哈哈哈,6
为什,2
这种情况,9
而不是,11
你说,7
这么多,7
废话,7
银行,107
有什么,11
权利,2
把钱,9
贷给,3
稳定,8
收入,15
侮辱,2
说了,9
一大堆,6
制造,4
焦虑,2
建议,29
解决方案,2
动作,2
一概,2
也不,17
提,5
喜极而泣,4
某新,2
农业科技,2
职员,2
朋友,10
员工,3
扶持,7
他说,4
上门,13
认可,2
这部分,3
下乡,12
企业,36
只做,3
技术支持,2
法律,18
税收,2
出面,2
推广,10
创收,2
提前,4
半年,5
政府,20
村委,2
说好了,2
村里,30
统一,3
工作人员,4
办,12
纠着,2
个体户,2
多半,2
还可能,3
判定,2
违法,5
吃瓜,30
你自己,5
渠道,2
申请,9
咨询,3
真实,6
人物,3
姓名,3
实体,3
名称,3
合同纠纷,3
蓝本,3
故事,15
脚本,3
数据,5
支撑,4
逻辑,5
推演,3
结论,3
下游,4
买家,3
生产厂商,3
出口,6
碳达峰,3
战略,6
实施,4
风电,6
水电,4
核电,6
非,3
大力发展,4
技术,19
处于,3
世界领先地位,3
会来,4
攻击,5
领先,4
技术产业,3
组合,2
希望,6
予以,2
严厉,2
惩处,2
不太懂,3
民法典,3
相关规定,2
重大误解,5
发生,6
民事行为,2
撤销,3
走亲戚,2
闲聊,2
xxx,2
事是,2
视频,85
在编,3
还取,2
名字,7
误导,6
流量,9
更多,7
警惕,6
销售,15
资本,18
摆明,3
警示,2
群众,2
编,16
收藏,2
的意义,2
求你,2
帮,4
情况,10
里,15
呼吁,2
观众,3
提醒,3
在农村,4
亲戚,10
三连,2
这个人,4
应该是,12
洗稿,3
我在,9
财经,5
公众,2
号,12
上也,2
刚刚,4
看了,7
文章,4
我有个,2
大胆,1
想法,7
给他们,10
收,12
脱单,4
说实话,10
反感,1
口口声声,2
不良,2
商家,2
说到底,3
欺负,7
用户,13
不看,9
协议,4
不识字,19
电信,11
两样,1
早些,1
保险行业,1
理财,7
合同诈骗,11
但是你,1
额,2
😓,3
看完,3
有个,8
正当,1
损失,4
全由,1
一方,1
承当,1
另一方,1
风险,26
区别,5
举报,43
春秋笔法,3
踩,10
捆绑,3
让人,5
=,6
居心不良,1
没问题,11
黑心,6
老家,14
UP,13
该不会是,1
行走,4
我家,100
太阳能,62
正经,6
租借,1
房顶,31
板子,34
飞了,1
雷劈,1
房子,22
塌了,1
都跟,1
一毛钱,2
唯一,3
到期,2
我家了,1
房屋拆迁,2
可以申请,1
国家赔偿,1
里说,5
内容,11
碰到,6
诋毁,2
开发建设,1
选择了,1
能为,1
人类,2
福利,2
劳动,1
职业,1
重担,1
就不能,2
压倒,1
献身,1
感到,1
的就,11
可怜,4
有限的,1
自私,1
乐趣,1
幸福,5
千百万,1
的事业,1
永恒,1
发挥作用,1
面对,1
骨灰,1
高尚,1
洒下,1
热泪,1
—,8
卡尔,1
·,2
马克思,1
不公平,1
合约,2
法院,20
本应,1
偏向,2
证明,4
中,12
有一方,1
阅读,1
判断,1
合同无效,11
第三,6
银行贷款,12
持有,1
身份证,16
影像,1
资料,2
金额,4
贷款,166
贷款人,2
资金,4
目的是,2
考证,1
简单,10
参考资料,1
只能,16
乱套,1
感觉,26
我爸,33
见我,1
大伯家,1
上了,4
也想,4
在家里,3
制止,2
相关,6
都不,17
再加上,1
可就,4
一笔,2
小数目,1
会吐,1
老百姓,16
做梦,2
去吧,1
最关键,1
真有,4
合同期,2
很长,5
给你,32
没啥,6
用了,4
等于,3
白用,1
一套,17
没用,3
补偿,5
说着,1
不了解,3
嘴里,1
的说,3
你就,4
做做,1
工作,12
垃圾,9
我不太清楚,1
具体情况,1
活动,4
利润,10
远远,2
高,27
只出,3
场地,5
年后,13
这套,3
在这,3
期间,3
说是,19
不能用,4
里边,4
电,88
不到,21
两千块,1
什么时候,3
第三方,3
签了,20
造就,1
一大批,1
人是,4
革命,2
先锋队,1
政治,1
远见,2
充满,1
斗争,1
精神,3
牺牲,1
胸怀坦白,1
忠诚,2
正直,1
不谋私利,1
民族,1
社会,5
解放,1
不怕困难,1
困难,2
面前,1
坚定,1
勇敢,1
向前,1
狂妄,1
分子,3
风头,1
主义者,1
脚踏实地,1
富于,1
中国,26
要有,4
先锋,1
中国革命,1
就能够,1
顺利,1
1937,1
月,10
23,2
日为,1
陕北公学,1
成立,1
写,4
题词,1
该杀,1
温峻岩,1
只能说,12
舆论,1
战,1
在继续,1
原神,2
归罪于,1
啧,1
开,4
便门,1
很好,7
也在,1
减少,1
依赖,1
用电量,9
增长,1
一部分,4
目标,1
话说回来,1
骗钱,9
随便找个,2
都行,2
符合,1
人不,8
中国人,11
开局,2
一段,2
重点,6
全靠,5
点赞,4
会让,1
人去,2
去借,1
信用卡,2
一系列,1
操作,6
卖出去,4
就好,5
我用,4
骂,8
搞笑,3
类似,3
利用,18
认知,2
信息,7
差,13
这并不是,2
每个人,1
认清,1
自己的,9
定位,1
天上,16
掉馅饼,17
给人,3
安装了,5
好几家,2
越装,1
越觉得,1
不太靠,1
最多,8
270,2
块板,3
总共,2
61w,1
人民币,1
计算,4
不出意外,1
实际上,3
报销,1
额外,5
成本,62
保修,11
但只有,1
板保,1
久,1
五年,10
跨度,1
谁也不能,1
保证,5
会不会,2
跑路,14
维修,19
就不,8
那也是,1
天价,1
懂哥,1
讲,9
b,6
合,2
不合法,3
到底是不是,1
微笑,14
回顾,1
我所,1
走过的路,1
学到,1
研究所,1
生活,9
说它,1
不幸福,1
站在,2
人民,2
之中,1
大家一起,2
改造,3
双手,1
建立一个,1
压迫,1
剥削,2
美好,1
富有,1
新,6
幸福观,1
是多么,1
狭窄,1
我常常,1
牛,3
打交道,1
吃饱了,1
卧,1
在地下,1
反刍,1
别无所求,1
样子,5
想到,1
能动性,1
动物,1
我想,2
某种,1
生活水平,1
世界,5
过程中,3
有的人,1
目的,3
但这种,3
建筑,1
大多数人,1
痛苦,1
之上,1
终究会,1
历史,4
消灭,1
核物理学家,1
共产主义,1
革命者,1
国际主义,1
战士,1
寒春,1
个别的,1
是有,11
主有,1
以点带面,1
误区,1
年了,4
年半,2
三年,5
省级,1
一度,14
毛,12
电网,39
并网,18
价格,30
递减,1
大众,1
坐标,4
河北保定,1
我愿,1
为我,1
负责,15
只是因为,1
兄弟,3
萌我,1
您呢,1
制裁,4
隆基,5
文就,1
层出不穷,2
🤔,1
打着,4
破坏,4
形象,1
你在,4
黑,5
判断力,1
一听,5
拒绝了,2
昨晚,1
营销,11
中立,1
发表,1
观点,2
播放,1
量,2
吸引,3
眼球,4
你也是,3
怪物,1
吃掉,2
未来,4
希望你,1
引战,3
明确指出,1
京东,3
35,3
元,16
值得,7
你怎么,2
不说了,4
来到,1
这个世界上,1
每一个,1
毛孔,2
肮脏,1
记错,2
当年,6
p2p,5
支持,16
我没,4
是这样的,3
算不算,5
不讲,1
打败,1
提升,2
实力,3
战胜,1
太,12
你不懂,2
行,3
你爱,1
小便宜,2
分析,4
他家,3
没必要,4
公司成立,1
一年多,3
有点像,2
悬,1
你猜,1
怎么着,1
妙,14
阿公,1
我干,1
懂行,1
我就是,7
不想,5
让他,8
敌人,2
竭尽所能,1
批评,1
好极了,1
世界第一,1
无可置疑,1
事实,6
猜,1
是谁,5
我劝,1
同志们,1
多读书,1
免得,1
受了,1
境外,1
势力,1
说完,2
欺负人,2
打破,1
权力,1
格局,1
重来,1
死亡,2
重生,1
这不是,11
老实人,6
还不,6
涨粉,1
让我们,7
忠于,3
理想,9
面对现实,2
如果说,2
浪漫主义者,1
不可救药,1
理想主义,1
是不可能,2
事情,26
一千,2
零,4
回答,3
就是这样的,2
出身,1
平凡,1
理想主义者,1
不难,1
难的是,1
成功,3
拥有了,1
羡慕,1
人生的,1
巅峰,1
勇气,1
放弃,3
高官厚禄,1
重返,1
战场,1
引自,1
格瓦拉,3
生命,1
证明了,1
•,1
电站,19
全款,5
经营性,1
租赁,21
看你,4
选,5
脑子,5
灵光,1
躺着,9
就能,16
赚了,4
陷阱,4
心理,1
想着,5
低回报率,1
小户人家,1
好处,5
省,7
的钱,30
赚点,5
量大,1
厂房,6
养殖场,1
查,5
tv,5
说不定,6
歪,2
屁股,6
改,8
存活,1
不易,1
灯下黑,1
其心,2
诛,2
借光,3
伏,3
坑蒙拐骗,1
勾当,1
不是好,2
业务,8
运维,6
入行,1
四年,2
小公司,5
代理,5
坑人,8
过度,1
成本核算,1
山东,4
往南,1
三类,1
地区,16
最快,1
68,2
爱,1
G,1
警告,2
动态,5
研究,5
平民,2
好事,17
愣着,1
干什么,1
很有,9
误导性,4
没有任何,4
证据,9
发展,14
是好事,4
看清,2
p,2
传销,8
西部大开发,2
旗号,1
喜欢,2
名头,2
报警,9
什么都有,1
法庭上,1
牵扯,2
不平等条约,1
诱骗,3
等等等等,1
告不赢,1
奈何,1
读过,1
书,1
怕事,1
免灾,1
普法教育,1
到位,1
没事了,1
不负责任,2
这和,5
产能,7
有什么关系,3
明明,8
你这,19
再起,1
有半,2
毛钱,4
违法犯罪,1
现象,4
经历了,1
你知道,3
不谢,2
你懂,2
满嘴,1
胡说八道,4
怼,3
后半段,1
经历过,1
欧美,4
巴不得,1
死,4
被人,10
刀子,1
良心,7
老赖,2
嗑瓜子,7
还判,1
赔款,1
定性,1
立案,1
追查,1
补骗,1
懂法,3
作者,4
积点,1
德,1
不代表,2
吃,11
方便面,2
噎着,1
不去,3
起诉,12
厂家,11
遭遇,2
电信运营商,1
明知,1
意做,1
每一次,1
作恶,2
都会,6
在未来,1
时刻,1
付出代价,2
花了,8
四万,1
能有,5
用不完,2
都给,3
电力公司,3
那么多人,1
判决,2
外皮,1
实行,2
词语,1
有带,1
节奏,5
嫌疑,2
签字,10
拓印,1
承担责任,4
承担,11
归其,1
随意,1
导致,8
好歹,1
想一想,1
一块,20
诈骗犯,3
株连,1
某些人,1
圣母,1
心说,1
禍,1
不及,1
妻儿,1
祸害,1
家庭,10
又有谁,1
千千万万,1
孩子,3
罗翔,2
刑法,1
不用说,1
这就是,15
光明正大,2
为所欲为,1
盗个,1
50W,2
都有,15
硬往,1
收钱,6
有几年,1
广告,3
纸,1
两个,4
大字,2
推销,27
真相,3
少,11
沸腾,1
多一点,1
理性,2
心心,10
条理,1
讲清楚,1
有两种,1
套路,20
稍微,2
甲方,10
什么事,3
传唤,1
负债,3
未知,1
村长,6
概率,4
先,4
流程,9
这批,1
上当,6
半天,3
没看懂,1
就会,9
瞎,1
指责,1
捂脸,7
笑哭,30
好多,6
反智,1
人士,1
解析,1
智商,5
觉得自己,1
很聪明,1
😆,1
👴,1
明白了,7
模式,39
是怎么回事,1
爸妈,11
差点,4
老妈,1
打电话给我,2
我带,1
满脸,1
问号,1
去了,4
是什么,5
星,1
跟你说,3
房产证,3
我一,6
不靠,6
110,1
乡派出所,1
走了,5
户,11
字,10
叔叔,3
无语了,2
感谢,6
发给,2
妈妈,2
家里,35
还好,15
啥事,3
先问,1
我又,3
去过,2
太阳能电池,2
板厂,1
私人,3
不赚钱,8
搜,8
一群人,1
表达,5
主旨,1
火电,2
占,4
没太,1
明白,5
神奇,2
降价,3
贷款合同,7
假币,1
埋怨,1
沆瀣一气,1
下次,4
一家,5
报,1
霸王条款,3
符合国家,1
但是有,2
打击,2
讲道理,1
欺诈,13
思考,7
无故,1
世间,1
午餐,4
贪小便宜,5
的心理,2
最容易,2
ngo,1
养,1
小号,3
站,13
某乎,2
读,2
外面,2
素材,1
瞎扯淡,1
上个,2
负,1
法律责任,3
滑稽,17
签订,5
合法的,2
法律保护,3
差钱,2
自费,12
买,40
环保,7
努力,1
打工,3
搞钱,1
别整,1
花里胡哨,1
笑死,8
能装,3
面板,1
当小破,1
平台,1
不带,2
十年前,3
流行,2
一时间,1
搞不清,1
友军,1
50w,4
张三,2
狂喜,1
又有,1
案例,4
我以前,2
就做,1
我敢,1
不做了,3
真没有,1
主说,7
夸张,2
情况下,15
真的很,2
合适,9
要找,2
90%,1
彩钢瓦,1
也没,7
今年年初,2
通知说,1
违建,1
拆,5
51,1
过后,1
就开始,2
有消息说,1
要搞,4
藏狐,18
我这边,6
工业园,1
厂里,3
活人,1
开了,1
生产,5
擦,1
旁边,1
两家,1
怎么回事,1
不清楚,3
把我,4
放在哪里,1
再也,1
不用,23
口若悬河,1
气候,3
大会,1
人民日报,1
来看看,1
迫害,1
党的政策,1
降低,8
信用,5
从业人员,5
我有,2
想说,1
安装公司,6
多种,1
一种,15
租用,5
户主,8
楼面,1
每平,1
11,5
14,2
之间,1
租期,1
不可抗力,4
或者是,5
故障,2
损坏,20
外,4
都要,10
兴起,1
扯皮,2
第二种,3
可以选择,1
贷,8
江西,1
赣州,1
为例,3
比例,1
12,2
块钱,13
1w,3
理论,2
老化,7
率,3
82%,1
逆,1
变压器,1
质保,10
20kw,1
3000,3
维护,26
年利率,1
85%,1
不算多,1
划算,7
网上,9
购买,5
手续,6
搭,3
铝合金,1
棚,2
师傅,5
省下,2
40%,1
04344,1
补助,2
三分,1
补,6
大妈,1
只不过,7
有意,2
合作,12
推销员,5
烂,3
很反感,1
答案,2
李,5
阿姨,7
上诉,1
合同签订,1
公平,3
原则,1
具备,1
高科技,3
产品,11
细则,1
诈骗罪,1
几处,1
不明白,2
设计,6
虚假,1
转给,1
安装费,2
货款,2
后不,1
还贷,1
打电话啊,1
骗了,13
偷着乐,1
才对,3
找上门来,1
清仓,1
坐等,2
暴雷,2
投诉,4
有良心,2
出门,1
被车撞,1
了还,3
告上法庭,1
翻白眼,1
明码标价,2
贷款买,6
一说,4
坏,19
谈,8
道德,2
廉耻,1
罚,1
才会,4
让它们,1
疼,1
一批,5
搞完,1
又把,1
王,1
上带,1
记得,15
做工,1
地听,1
要钱,5
不算数,1
我擦,1
朋友圈,3
过有,1
一个女人,1
天天,9
这就,3
幸好,4
合同法,1
太极,1
出口转内销,1
求救,1
还没,15
气死了,1
拆迁,13
同意,5
这几年,7
传要,1
人上,1
还有一个,1
哑巴,1
比较多,1
租金,24
2000,11
躺,2
呲牙,7
天底下,1
最好吃,1
饼,1
教你,3
挣钱,22
送钱,3
以偏概全,7
出钱,18
这句话,1
现实,2
前置条件,1
适合,5
四川,4
至少,3
工厂,17
才有,2
年内,1
34,1
拿什么,1
已安装,1
村民,3
自制,1
完了,10
性,1
可撤销合同,1
疑惑,4
业内人士,1
去年,13
100,10
来户,1
告知,6
农户,64
一户,2
逾期,1
还款,6
补齐,1
市场,6
不行了,1
听说过,2
知法,1
想骗,1
不骗,1
河北,2
全村,5
安上,3
一模一样,2
也都,3
我就,12
等着,7
是不是真的,1
典,1
凶险,1
之路,1
限流,1
个月,4
13,2
亿,1
太好了,2
😁,3
骗人,34
我说,14
叙事,2
可太,1
模糊了,1
可供参考,1
时值,1
大力推进,1
转型,1
推动,1
中和,2
的发展,1
体现,2
推敲,1
百姓,1
饿狼,1
太多,8
蠢,1
一眼,2
看成,1
女装,1
辣,19
天呐,2
就刷,1
到过,1
就在,10
我还,5
看完了,2
昨天,5
爷爷,4
捡到了,1
小广告,1
每月,6
吓得,2
我马上,1
翻出,1
推了,1
小姐,1
信,8
城里,3
物业,1
摆平,1
找我,1
kw,2
装机,2
无论是,1
自投,1
无光,1
不投,1
看好,5
基建,1
不看好,1
我老家,6
爷爷奶奶,2
遇见,1
打算,6
拦截,1
口头,1
到时候,5
不知道什么,1
呆,2
安,18
不同意,2
无孔不入,1
凡事,1
总须,1
时常,1
甚,1
翻开,1
一查,1
年代,2
歪歪斜斜,1
每叶,1
上都,1
写着,1
仁义道德,1
横竖,1
睡不着,1
仔细看,3
半夜,1
缝里,1
字来,1
满本,1
两个字,2
干掉,1
俩,3
组,2
三万,5
一组,1
盈利,4
要花,1
多少啊,2
我一个人,1
才用,2
度,11
好几万,4
我感觉,3
无望,1
第一次,1
接盘,2
习惯,2
兄弟们,2
没人管,7
得逞,1
肉字,1
罩着,1
外边,1
众生,3
肉,2
可不就是,1
人吃人,1
卧槽,1
我真,1
不敢相信,1
人性,3
可怕,2
付钱,3
听过,2
也就是,3
响应号召,1
小钱,6
哈哈哈哈哈哈哈,4
河南,1
过年,3
缺德,3
冒烟,1
销售人员,3
隐瞒,1
付费,2
环节,1
世上,1
哪有,3
回报,6
上升到,2
高度,1
别有用心,2
日出,1
之美,1
脱胎,1
最深,1
黑暗,1
没错,4
不允许,2
不一样啊,1
就算是,1
自买,1
自装,1
一停,1
指望,5
贵,6
通电,2
地方,43
充斥,1
说要,6
这跟,2
卖车,2
取,3
真好,1
就跟,2
火热,1
宇宙,1
新型,3
还会,4
最好的,4
办法,2
不相信,2
受骗,1
邻居,8
寿命,9
到了,5
又是,12
学,1
学院,1
教授,2
国内,16
前沿,1
早几年,1
他就,4
把家里,2
弄,15
其他的,4
老师,3
找他,1
改了,2
顶上,1
一个月,19
入账,1
你不知道,1
这要,2
是在,2
整个世界,1
你不懂的,1
领域,1
这方面,4
无知,1
挣,7
有事,1
律师,6
你不会,1
造,3
汽车,3
车企,1
看不懂,2
帮你,3
逼,1
致富经,1
只收,1
方式,5
自理,1
费,5
协商,2
但实际,2
共享的,1
拿出来,2
解读,1
不算,5
商业,7
出在,1
这了,1
就一个,2
能把,2
接入,5
国家电网,23
给钱,7
离谱,11
疑问,1
有没有,11
专业人士,1
解答,2
定期,5
更换,7
电是,1
去卖,1
管理,4
本来就,2
十万,6
又多,1
东窗事发,1
告诉,6
剩下,4
套房,1
算是,4
骗走,1
sqj,1
小心,6
那她,1
公证人,1
赔,4
乌烟瘴气,1
一群,2
畜生,1
弄成,1
色变,1
哪家,3
截图,1
都不敢,1
别怪,1
在那里,1
放空炮,1
搏,1
牛鬼蛇神,2
不可能,10
判,1
赔的,1
散了吧,1
搞到,3
股票,4
大跌,1
大哭,7
那句,1
顶上去,1
石人,1
一只眼,1
前段时间,4
mg,1
动画,1
那是,6
上市公司,5
承诺,3
看了没,1
小企业,1
不需要,8
去银行,6
那我,4
复制,1
一百,1
份,1
每份,1
万亿,1
这事,4
线,5
往前,2
推,3
五六年,3
出现了,3
怎么办呢,1
莫名其妙,1
能给,3
多少次,1
路子,3
外人,1
名义,9
片面,1
有一些,3
任何一个,1
走,7
偏门,1
典型,2
否认,3
有视频,1
听风就是雨,2
一定要,2
事变,2
坏事,2
才是,19
正文,1
前些日子,1
正好,5
赶上,1
村支书,1
大喇叭,1
喊,2
别安,1
这就是我,1
不喜欢,1
原因,6
电视,5
差评,1
承认,1
行骗,3
动力,1
图文,1
弱势群体,5
机会,4
说出,2
少点,1
无用,1
表情,1
年前,5
培训学校,1
号称,1
学习,2
毕业后,1
学费,1
结果是,1
中途,2
退学,1
退,1
一分钱,10
没有用,1
规则,1
所致,1
完善,5
无数,1
无穷无尽,1
没准,1
社会结构,1
变,3
豆豆,1
遥远,1
救世主,1
中说,1
如果不是,2
黑白,1
颠倒,1
那还,1
叫什么,1
接触过,2
挺麻烦的,1
你要,7
清洗,2
如果把,1
人工费,2
不多,7
老公,1
海南,3
好几个,2
后怕,1
和我,5
商量,2
不整,2
前提,3
法律制裁,1
公安部,1
新闻宣传,1
局,1
回老家,3
好吓人,1
卡,3
二,3
用房,1
养老,3
三,3
P2P,1
银行存款,1
买到,3
不判,1
这年头,2
真难,1
国外,4
反侵销,1
国家补贴,15
默许,1
明摆着,2
你去,3
告也告,1
赢,7
参与,4
骗的,2
跑,8
新华社,1
真踏马,1
几块,4
没关系,2
真实性,1
存疑,1
详细数据,1
全篇,2
网站,1
审查,1
清楚了,4
再给,2
背书,3
下架,1
大火,1
事实真相,1
缓存,1
揭露,4
没了,3
70,3
我爹,1
十来万,1
五位数,1
你也,2
可耻的,1
下限,1
我突然,1
废除,1
凌迟,1
处死,1
有点可惜,1
坏人,4
坚信,1
找上门,2
抓,2
希望如此,1
你都,4
细节,3
是哪家,1
尾,1
就来,3
点名,3
范畴,2
无效,8
就叫,1
宣布无效,1
够,13
1020,1
明确规定,1
显示,1
说到,1
打官司,5
违反,1
法律的,2
硬性指标,1
显失公平,1
奶奶,2
没钱,7
碰,1
这么多年了,1
活跃,1
不想管,1
前几年,8
人来,1
都来,3
个事,1
但你,3
艺术,1
加工,1
好吧,1
49,1
效益,2
奔驰,1
对了,2
没事,5
没看,1
废了,2
网络,3
大家都,2
好了,2
电话,5
打电话,7
手机,4
扔了,2
枪支,1
杀人,2
别造,1
枪别,1
跟你,2
凭你,1
无房,1
无车,1
社保,1
公积金,1
保单,1
复刻,1
白来,1
永远,1
特么,5
信了,1
主了,1
那么多,4
干嘛,3
高价,3
没人,9
咋办,1
创造,1
花钱,9
多钱,1
几十块,1
六十,2
没看过,1
他俩,1
识字,1
这个事儿,1
我觉得,12
相关部门,1
一管,1
不应该是,1
几分,1
几毛钱,2
那么低,2
关心,1
三四年,2
我要,5
我不是,2
卖,29
真不,2
当初,3
问我,10
的意见,2
说别,1
弄了,6
手机能,2
邪,1
别碰,3
比较好,1
害怕,3
大钱,1
扔出去,2
是多少,4
折腾,1
赚个,2
仨瓜,1
枣,1
披着,2
皮,4
来搞,1
低廉,1
1W,1
逆变器,24
蓄电池,1
腾讯,1
黎明,1
之光,1
Up,2
矛盾,1
再去,2
拜登,1
领取,1
经费,1
教父,1
级别,1
谢谢,3
🙏,1
吃亏,4
没商量,1
比你,1
多少年,6
让利,1
使用寿命,3
貌似,1
不能卖,1
许可,2
薅,1
我信了,1
反对,1
错过,1
合法化,2
同学,1
也来,1
配合,4
他们的,4
痛,2
岁数大,1
要让,2
子女,3
无脑,1
听说,8
不收费,1
不要钱,7
谁不喜欢,1
有种,2
贪,7
心,6
越,9
众所周知,1
抢走,1
口袋,1
一滴血,1
拿着,5
刀,2
持刀,1
抗战,1
吃苦,1
得利,1
最少,3
无语,12
能手,1
越多,4
就越,1
储电,1
系统,8
一周,2
用电,24
速度,1
500w,1
闲鱼,3
EPS,2
进,4
控制箱,1
闲置,1
总成本,1
万元,3
平常,2
足够,3
剩余,3
今年冬天,1
煤价,1
大涨,1
我估计,2
内回,1
本是,2
特别,7
轻松,4
老爸,3
被坑,13
二十多万,1
这有,3
村子,2
钱也,2
给了,5
像是,3
正泰,14
金顶,6
宝,6
关注,5
位博,1
主叫,1
扮猫,1
骑,1
老虎,1
原文,1
受害者,3
起草,1
质疑,2
巧不巧,1
突破,2
前高,1
正,2
加速,1
不被,1
打断,1
机构,2
盘,1
计划,1
利益相关人,1
群,1
施压,1
那位,1
博主,3
封杀,1
删帖,1
事态,1
冷却,1
很快,3
就这么,2
这两年,6
热,4
高潮,1
时期,1
潮水,1
褪去,1
媒体,1
也很,1
在这种,1
噤声,1
可能是,2
落后,1
因素,1
整治,1
估计,12
更难,1
非法占地,1
拿去,2
肯定要,1
附带,1
能用,16
多久,6
就不知道了,2
带你,2
我不,7
理解,10
你的意思是,1
就别,2
贪便宜,1
很慢,3
但这,3
OK,6
你只需要,1
曝光,2
即可,1
告,7
明说,1
光线,1
功率,4
就来了,2
越来越少,1
形式,2
两千多,1
道义,1
编得,1
过分,2
好人,2
好报,1
惩罚,2
急了,4
能找到,1
闷身,1
发大财,1
没吃过,1
亏,18
很多人,4
想装,9
穷,6
性格,1
使然,1
同情,1
小丑,2
怎么说,2
挑衅,1
一无所有,1
赔偿,3
想多,4
我就不知道,1
人怕,1
咬,1
我啊,1
性质,3
起码,4
有些人,4
打垮,1
欧洲,3
爆了,1
饱和,1
挤压,1
仓库,3
布局,2
粉碎机,1
代价,1
我不懂,3
但我,3
依然,1
可惜,1
没有看到,1
实质性,1
通篇,2
配,2
剪切,1
镜头,1
所说,3
保护,2
隐私,1
角度,3
不公开,1
是你说的,1
平米,6
组件,22
在哪,1
小伙,1
父母,6
签下,1
能不能,5
看点,1
干货,1
我看不懂,1
网友,4
总有,2
能看懂,1
哪啊,1
一个个,1
义愤填膺,1
的发,1
弹幕,3
给个,3
在公,1
屏上,1
打出,1
说来说去,1
引导,1
恨,2
该不该,2
家装,8
正儿八经,3
扶贫,8
四次,1
五六百块,2
勉强,3
填补,1
开支,1
干,12
事缺,1
要考,1
算了,5
平均,11
还得,9
加,10
两年,8
标准,1
修修,1
通州,1
村有,2
说好,2
办不,1
街坊,1
多万,4
日常,1
原,1
7000,1
房,1
多点,2
12000,2
9000,1
元年,1
也得,2
等他,1
降到,4
就好了,6
公信力,1
提高,2
力度,1
刑罚,1
提到,1
死刑,2
初衷,1
到底谁,1
吸血鬼,2
趋势,1
叮嘱,1
撺掇,1
糊弄,1
过去了,3
喝茶,1
上学,1
放假,2
在家,10
都很,1
眼红,3
说我,2
先去,1
你这个,8
虚,1
空,1
随口,1
名仪,1
思路,1
恶心,2
是那些,2
就如,1
一瓶,1
假,5
酒,1
卖给,15
就让,2
不行,16
好事情,1
搞坏,1
吸血,1
八辈子,1
没见过,5
好多年,3
才被,1
大规模,2
也能,2
约束,2
那就是,3
漏洞,6
暑假,1
遇到过,1
请求,2
出战,1
以防,1
不信,1
领着,1
来给,2
我们家,13
推荐,2
多元,1
踏实,1
没带,1
带来,2
不在家,1
让我,5
就给,3
不给,7
我看,2
不签,1
有效合同,2
我方,1
支援,1
能起,1
效力,1
打击面,1
广,1
前两天,3
经历,1
所有权,3
一辈子都,1
很迷,1
分辨,1
清,2
不论是,1
要认真,1
专骗,1
那个村,1
有问题吗,1
怎么没有,1
当事人,4
出镜,1
不划算,8
十几万,5
买电,2
够用,2
挑,1
遇上,2
年轻人,1
轮,2
到你,1
自己人,1
还分,1
有好多,1
认字,1
生效,4
自用,13
那叫,1
储,1
电设备,1
抓住,1
几个人,3
集体诉讼,1
乱说,1
光纤,1
终点,1
意见,5
和他,1
成本费,1
折旧费,2
周期,8
得花,1
投了,2
天下,3
开始了,1
执行,2
说过,5
要关,1
换新,3
抖音,6
无效合同,3
专业,2
解释一下,2
能看到,1
这么大,1
一盘棋,1
厉害,3
基础,1
都能,7
教,2
那为什么,1
你呢,1
组织,2
全装,1
我有点,2
太虚,1
变味,1
不要脸的,1
两头,1
盆满,1
钵,1
–,1
10w,2
中间商,4
差价,4
踩加,1
没脑子,1
慢慢,6
品,18
人渣,1
村子里,2
打死,1
尸体,1
梭子,1
带走,1
一个不,1
说话,3
要做,1
调研,1
户用,8
epc,2
2021,3
046,1
来算,8
小时,3
湖南,1
可不可以,1
我都,4
可以用,6
几百万,2
度电,6
胁迫,1
定立,1
大骗子,1
先骗,1
小骗子,1
后骗,1
胡扯,1
感,1
判成,1
代办,1
表叔,2
还叫,2
考察,1
放心,2
单一,1
瞧,1
就知道,4
再三,1
太阳,11
发毛,1
不了了之,1
亏了,4
几十万,4
重庆,2
都卖了,1
记住,7
大部分,18
天眼,2
没得,2
几天,1
抠,1
鼻,1
厂,4
对接,3
规模化,2
疯狂,2
扩展,1
闲的没事,2
她说,3
毛病,3
为啥,5
归咎,1
要点,1
脸,1
极低,1
售卖,1
三百块,1
材料费,1
好后,1
夏天,3
能省,1
总,3
反正,15
甄别,4
永远都,1
会比,1
聪明,1
贪图,2
小利,1
急于求成,1
功利,1
太重,1
应为,1
想来,1
快钱,3
急,1
得手,1
财富,1
积累,1
看中,3
利息,10
本金,25
那套,1
买过,1
手摇,1
应急,2
充电器,1
没多久,1
想起来,1
这个世界,2
最值得,1
怀疑的,1
绝对不会,1
好就,1
高达,1
10W,2
有什么事,2
喷,1
让她,2
熟人,1
都低,1
十骗,1
九,3
集体,4
合伙,6
谈判,1
从来不,1
嘴,1
有用,1
诈骗案,1
留档,1
浙江,1
一盏,1
元的,1
灯,2
内置,1
h,1
一元,1
晒,6
天,4
一块钱,2
都难,4
不能信,1
还行,5
1200,1
四十年,1
42000,1
40,5
算上,6
鸟,2
伤害,1
不认识,2
岂不是,1
4000,2
在美国,1
初期,2
工具,1
电信公司,1
前年,4
老头,2
什么东西,3
回家,5
告上,1
受限于,1
晶管,1
高昂,1
高了,3
三分之一,2
钢架,1
贵了,3
大佬们,2
呦,3
股,6
特高压,1
主题,1
基金,6
傻,2
涌入,1
股价,1
总体,3
强势,1
公开,1
我做,7
对吗,2
为什么不能,3
维权,1
这不,7
就说,14
别搞,1
贬低,1
密码,2
找一个,1
概念,2
套,4
小王,1
老李,2
图片,2
骇人听闻,1
我连,1
真凭实据,1
丢人,1
稳亏,1
九月份,1
我刚,1
看过,3
好好,3
第二天,1
我跟我,5
妈,3
过了,4
爸,2
狗子,2
几次,1
竹子,1
不经压,1
就走了,5
发小,1
几家,8
想问,4
150,2
大概要,2
多少钱,13
过程,1
全程,1
录像,3
你敢,1
欠,1
我当时,1
全归,1
回报率,10
低,8
易损,1
十几年前,3
动了,1
十多年,2
还不够,2
维护费用,8
想开,1
就当,1
防晒,1
知乎,1
筛选,1
滞销,3
帮帮,2
混为一谈,2
谁都,1
不好,7
还用,5
买保险,6
网址,1
麻烦,10
https,2
aisitewejianzhancom,1
site,1
wjzof4z6,1
ac621f2abd3442fdae14ccb11f4a5760fid,1
nHDsPjnkPWT1P1cvrH0YrHf3PWxnWc1g1D,1
ch,1
bfid,1
fbuFw0cKuNhgjTvfub00Pt00fAMEbnKFvmECfs000jevXXQH6000aD0000m12EwqnHTVl2d4ejzVMjOQU6,1
lH2,1
U1bFoMBVOzLCogM,1
rg28I5jzVMjOQU6zIMDlWt6sS2LYTM5stys,1
VXsTXZE8s,1
bd,1
vid,1
nHDsPjnkPWT1P1cvrH0YrHf3PWxnWc1g17xnH0s,1
污染了,1
偷换概念,1
更正,1
金融,13
APP,3
找谁,2
弥补,1
保险公司,1
再用,1
存,5
二十年,5
一倍,4
玩,11
出租房,2
顶,3
固定收益,1
才行,3
动心了,1
村干部,6
隐晦,1
55,4
的一起,1
天王老子,1
没办法,4
富人,2
他也,1
要先,1
拿给,1
看一下,3
惯着,1
草,1
要给,1
囧,1
赤裸裸,1
昨天晚上,1
我向,1
星星,2
许愿,1
听了,1
早就,12
你安得,1
你不要,1
事业,2
用你,6
你还,3
前,10
15,19
好多人,3
跑了,2
还贷款,13
作为一个,2
制造业,2
分布式,5
挺,5
活该,2
家里人,8
假的吧,1
灵魂,2
出窍,2
日剧,1
猎人,1
觉得很,1
中二,1
感叹,1
这种人,4
只是一个,1
承载,1
看谁,2
用它,1
关,2
搞不懂,1
仅限,1
收费,2
话别,1
没有钱,1
净水器,5
掏钱,8
好家伙,4
是必然,1
脏钱,1
学会了,1
就去,1
研读,1
买点,4
还说,3
读书,2
打脸,2
连字,1
更不,1
文字游戏,2
妥妥,1
你活,1
疯,3
物料,1
版,2
比特,2
币,3
挖矿,2
在拍,1
电影吗,1
在我国,1
集团,3
肆虐,1
这么多人,1
这么多钱,1
我这,4
三个月,3
瞎扯,2
都安,4
四五年,2
什么问题,1
那几个,2
都没,10
敢来,1
四件套,1
卖出去了,1
有几个,3
一开,1
注销,1
废品,1
赔给,1
没剩,1
恶人,3
磨,1
科技,2
大了,1
林子,1
是哪个,2
哪个地方,1
传票,2
对象,1
模糊,2
编造,1
假借,1
疫情,1
出入口,1
受,2
片,5
低价,5
很清楚,2
局势,1
转嫁,1
坑害百姓,1
赛雷,3
三分钟,1
赛雷话,3
金,3
放个,1
照片,2
光靠,1
张嘴,2
只想,1
这类,1
打假,1
谁在,1
背后,2
来自哪里,1
一遍,1
录音,5
差异,1
告倒,1
我已经,2
你到,1
村去,1
要来,3
全村人,1
把你,1
腿,1
下掉,1
跟他说,2
GW,1
前期,5
500MW,1
不说话了,1
变相,1
aB,1
≠,2
Ab,1
太小,2
太假,2
没弄,1
还轮,1
保险的,3
心思,2
全,6
用在,2
无限,1
费心,2
费力,1
服务,3
为了你,1
材料,8
透了,1
弱点,1
完美,2
术,1
可恶,2
天津,1
边框,1
玻璃,1
也说,1
先不装,1
真想,1
很便宜,2
产量,1
过剩,2
超级,3
原理,1
有文化,1
组装,2
发过来,1
电线,3
接上,1
就行,6
一共,6
接错,1
在网上,1
旗舰店,1
买板,2
算一,1
千瓦,12
闭塞,1
求财,1
心切,1
明目张胆,2
能判,1
我怎么,1
信呢,1
签定,1
诱导,1
未经,1
义务,5
非赔,1
我靠,1
搞了,4
第二年,2
第一年,4
千元,2
一千元,1
血亏,4
怎么那么多,2
身边,7
远亲,1
问装,1
该死,2
破产,1
拆了,4
抵债,1
报废,2
能发,1
统计,1
供电所,3
上班,2
每次,1
来装,1
我总是,1
感慨,1
又骗,1
公理,1
何在,1
土地,2
兼并,1
卖电,13
塞给,1
鼓吹,1
封面,2
可真,1
熟悉,3
救救,1
水果,2
xx,2
卖不出去,3
找到,7
路数,1
任何事,1
你能,2
流氓,1
天堂,1
真是假,1
天大,1
损,1
挨,1
推给,1
好么,1
好几年,4
事儿,1
反诈,2
app,6
发诈,1
救,1
做空,1
签个名,1
民居,1
懒得,1
付,2
电来,7
还了,3
交,3
话术,1
销售员,2
没说,5
合同里,3
风能,4
球,1
会掉,1
砖头,1
各大,1
发展银行,1
退休,1
维护保养,5
租赁合同,6
设置,2
梯度,2
电量,5
需,2
维,1
埋,1
不和,3
贼,2
修上,1
埋坑,1
六万块,3
坏处,1
得以,1
变成了,3
再说了,1
客观存在,1
错么,1
乱扣帽子,1
啥时候,2
说不,1
抵制,3
骂了,1
骗钱的,7
有什么问题,3
纠纷案,1
客户,9
或其它,1
最终,6
取不出来,1
造成了,1
经济损失,1
会去,2
换成了,1
索取,1
钱财,1
党,7
开头,1
你写,1
事件,1
整片,1
前因后果,1
阅读理解,1
分,5
剖析,1
成,5
鱼龙混杂,2
有问题么,1
合理合法,1
就是在,6
逼人,1
发疯,1
再好,1
新模式,1
庞氏骗局,2
真能,6
跪了,1
拿来,5
我看看,1
她要,1
连个,1
电子版的,1
发来,1
一张,4
借款人,1
安装者,1
无限责任,1
卖家,1
无任何,2
抽取,1
一大部分,1
能告,2
我不信,2
具体点,1
前几个月,1
铺天盖地,1
消费,3
改天,1
换命,1
坑爹,1
默默,1
舔,1
伤口,1
就低,1
又长,1
不确定,3
贷款利息,3
一手,2
哭,1
哭去,1
洗碗机,1
不至于吧,1
别吓,1
装上,2
辨别真假,1
方法,4
第一,4
权威,1
有钱人,2
下场,4
啥样,1
5g,1
套餐,1
超高,1
配版,1
小孩,2
上游,2
硅料,1
硅片,1
配套,1
中游,1
就更,1
事实上,1
你看,2
上市,1
一体化,1
屏蔽,1
安特,1
c,1
文稿,1
播音员,1
念错,1
举例,1
念,1
老王,1
老陈,1
字幕,1
却是,2
他敢,1
还敢,1
💰,1
不沙,1
口气,1
惊讶,2
能耐,1
窝里,1
弄啊,1
没胆,1
装一,1
每发,1
一度电,5
买车,1
买房,8
还就,1
有本事,1
我装,3
几个问题,1
就把他,1
问,10
懵了,1
珠三角,1
的货,1
我问,3
售后,8
免保,1
我说你,3
两年后,1
我找,1
他理,1
我吗,1
不理,1
一线,1
一定会,2
维修保养,4
你们这些,1
二流,1
一概而论,2
我没同意,4
赔钱,3
但也,1
生产商,1
经销商,3
前就,1
新鲜,2
充足,4
阳光,4
发什么,1
大头,2
周期长,2
2w,4
5w,2
等你,4
赚回,3
也到,1
使用年限,4
厂商,4
卖货,1
而你,1
花,7
数年,1
家中,1
常备,1
一次性,2
交了,1
顺便,1
送你,5
破,1
运作,3
一回事,1
口水,1
一堆,8
不发,1
装死,2
你告,1
强制执行,1
房屋,4
集体所有,1
瞎折腾,1
玩出,1
奶茶,1
店,1
融资,4
我同事,1
告诉你,1
每个月,22
等款,1
纯收入,1
给别人,1
电闲,1
完后,1
换,5
款,6
你款,1
完,8
都老,1
坏成,1
又得,1
合同有效,1
田地,1
租给,6
一亩地,2
200,8
最起码,2
还怕,1
警察,1
撑腰,1
大力支持,2
经营不善,1
普惠,1
你们的,1
选手,1
呼,1
不高,3
这也,2
盗,2
查下,1
他告,1
违约,4
不还,3
并不知道,1
想让,1
拒绝,2
我老婆,1
还说我,1
回去,2
谁有空,1
我就想,3
问问,3
是从,2
十四五,1
发展方向,5
来个,3
出问题,7
夸大其词,1
做过,2
调查,2
磨叽,1
论据,1
重复,1
引子,1
未,1
信贷,2
不简单,2
不匹配,2
关键点,3
峰谷,7
供电,12
衰变,2
35%,2
全部都是,2
支付,4
很难,4
绕开,1
这一,1
现在呢,1
源源不断,1
这又是,1
反向,2
供网,1
架空,1
嫌,3
有时候,3
获知,1
涉及,3
切身利益,1
彩虹,1
分公司,1
工资,3
不符,2
言论,1
太强,1
强制,1
作废,1
禽兽行为,1
只为,1
冗余,1
电力供应,1
空调,9
所以说,3
是说,1
是一套,1
犯法,2
看懂,1
真算过,1
不实用,1
热水器,3
洗个,1
澡,1
冰箱,1
油烟机,1
储能,3
几千瓦,1
好几千,2
上算,1
可比,1
板低,1
就得,5
铺上,1
几十,4
算我,2
没个,2
两三万,2
下不来,1
算算,3
个人用户,1
拿到,2
不能自己,3
死人,1
不偿命,1
算个,2
屁,4
还钱,1
实,1
咬定,1
村里的,4
威胁,1
威逼利诱,1
发牌,1
手,1
杰克,1
实锤,2
王少负,1
做生意,1
妈骗,1
都在哪,1
报案,1
不管用,1
没招,1
值钱,1
藏起来,2
点钱,2
灰,1
灰溜溜,2
还嘴,1
犟,3
亲戚朋友,1
信佛,1
一堆一堆,1
念佛,2
平时,1
碟,1
小型,3
录音机,1
手串,1
佛珠,1
佛,1
链子,1
过节,1
放生,2
100200,1
泥鳅,1
河里,1
哄着,1
老小孩,1
中介,1
不也,2
什么鬼,2
创业园,1
几百亩,1
的地,1
幸亏,2
我懂,1
演过,1
光板,1
村里人,1
塔玛去,1
这帮,1
商人,3
几把,1
底限,1
断贷,1
足够多,1
批,2
晶奥,1
重点是,2
要你,3
办理,8
200%,1
奇奇怪怪,1
挂着,4
主要条款,1
板发,2
电上,1
选一,1
每平米,1
160,1
多块,2
铺,1
880,1
多平,1
万多一点,1
方案,3
厂区,6
直供,1
多少度,1
以内,3
大户,2
只在,1
一万,4
选择,5
拿钱,1
居民,3
是有可能,1
但不,1
分成,2
你把,2
甩,1
真够,1
阴的,1
层皮,1
无事,1
献,1
殷情,1
非奸即盗,1
确保,1
房产,1
户头,1
有能力,2
抵押,1
恰烂,1
羊,1
狼,2
拖了,1
号召,1
打狗,1
实地,1
采访,1
混剪,1
合同条款,3
赔付,2
车险,2
首付,4
华夏,2
创维,4
我租,1
十五年,2
三千块,3
担心,3
这钱,3
又看了,1
一条,5
就没,7
阻止,1
格式条款,1
提供,4
找不到,4
亏本,2
买卖,2
低保户,1
蚂蚁,1
有什么区别,1
价值,1
避,1
避雷,1
大面积,3
雷,1
就凭,1
断案,1
不合,1
有人管,1
没人管了,1
又一个,2
中南,1
屋,2
16,11
10KW,1
36,1
电力局,2
季度,3
打到,4
银行卡,5
一万左右,3
去年年底,1
收回,13
本钱,3
纯赚,1
年头,1
出过,1
冰雹,9
砸坏,4
写明,3
敢做,1
要说,5
用途,1
覆盖,2
得不偿失,1
独立,5
场景,1
深山,1
别墅,2
海岛,1
休息,1
稍,3
怕啥,2
催债,2
稿,1
我看过,2
慢,2
有的时候,2
保本,8
请问,6
能换,1
3080ti,1
这份,1
借钱,2
按揭,1
七万,1
能贷,1
案件,2
好不好,2
领头羊,1
不就,3
那就好,1
那就,4
小心点,1
诈骗案件,1
啧啧,1
动机,1
有不少,1
内家,1
遮,2
院子,1
半个,1
影子,1
很烦,1
以现在,1
技术水平,1
这些都是,2
理论上,3
你说是不是,3
月份,2
没什么,7
想想,6
庄上,1
租出去,2
一味,1
盖面,1
房地产,5
烂尾楼,3
那你,3
别买,1
楼了,1
好好的,2
吃人不吐骨头,1
满山,1
你叫,1
他来,2
从我,1
拿走,1
送他,2
绝大部分,2
不说,1
搞臭,1
外服,1
游戏,1
发现,5
老外,1
可怕的是,1
美国人,1
太坏,2
好听话,1
潜藏着,1
危机,1
难,5
听话,1
受益匪浅,1
无关,1
管理机构,1
介入,3
万装,1
千多,1
清醒,2
入网,6
率低,1
季节,1
天气,7
造成危害,1
靠谱点,1
主力,1
判呀,1
新闻,4
白,5
生气,3
哥哥,1
康康,1
以一个,1
否定,2
我不想,1
说空话,1
拿出,1
你可以,2
文盲,2
不装,1
能会,1
多吧,1
造谣,1
拿点,1
出来啊,1
常识,1
错误,1
卖给你,1
残次品,1
按卖,1
钱数,1
抽成,1
地址,1
分享,7
喜悦,1
贷款购买,1
我发现,1
水军,1
挺多,2
打压,1
之名,1
技术含量,1
成熟,1
例,1
了自己,1
搜索,2
出租方,1
不是你,1
喝水,1
呛死,1
关系不大,1
噱头,1
婶子,1
就到,1
拉,2
一问,1
按手印,1
回去了,1
没按,1
a,1
炒,2
炸掉,1
蓄水池,1
别看,2
录下来,1
拍摄,1
法庭,1
也算,2
知识,3
储备,1
钻进,1
言语,1
不用客气,1
狗,2
你想,3
挂羊头卖狗肉,1
鼓掌,1
千八百,1
装个,3
万八千,1
经验,1
坑钱,1
不理解,1
疑点,1
几岁,1
文盲率,1
数,1
本来就是,4
20w,2
一个季度,2
值,2
二十万,1
三千多,1
每度,5
三毛,3
四毛,4
几百块,8
都不敢说,1
房价,3
听我,3
背负,1
巨额,1
债务,2
市,1
中上,1
95,1
后前,1
20%,2
最差,1
拖,5
惨了,1
房贷,2
吐,1
时连,1
30%,1
五六成,1
还清,2
的一半,1
你怕什么,1
电子设备,1
离远,1
点吧,1
挺好,5
万把块,2
不干,2
五十万,1
搞得,4
炒房,1
谁是,2
根源,2
每次都,1
先救,1
乘人之危,2
单方面,1
不利,1
一边倒,2
穷人,4
本质,3
经侦,1
表达方式,1
再就是,1
长篇大论,1
叫你,2
无心,1
细看,1
使用的,2
谁能告诉我,1
都看,2
全了,1
不找,1
赚头,3
会给,2
品牌,13
包括,2
华为,2
人信,1
白给,1
慈善,2
有多大,2
打招呼,1
打孔,1
漏水,7
答应,3
新盖,1
多户,1
七字,1
真言,1
白眼,1
小编,1
乱编,1
还想,7
节,1
揍,1
带到,1
注册的,1
挣钱了,1
羣,1
荒山,2
不香,1
我想问问,1
村委会,2
通知,2
个体,1
不叫,2
拔高,1
抱,1
着想,1
牟利,2
计算成本,1
一点点,3
做个比较,1
称不上,1
一般情况下,1
规模,3
数量级,1
调峰,2
期,7
类别,1
那点,3
忽略不计,1
现成,1
常年,1
居住,4
有多少,3
在那里的,1
电功率,1
几万家,1
头部,1
的大,5
图,1
你个,1
生意,3
盈利模式,1
有样学样,1
期房,1
烂尾房,1
忘,1
谁买,1
苹果手机,3
押金,3
偷偷,3
苹果公司,1
像不像,1
房的,1
倒贴,3
十多万,1
咋回事,1
哔哩,2
b23tv,1
xJjuAS2,1
姑姑,5
有钱赚,1
搞好,1
合作社,1
产业升级,1
禁止,1
主体,1
一人,2
拿大头,1
能量守恒,1
买给,2
收到,2
泪奔,4
能信,2
想安,1
果然不出所料,1
大户人家,1
你觉得,2
在乎,1
大姨,1
不对劲,1
查查,3
约了,1
那人,2
明天,1
S,1
警惕性,1
扯到,3
在国际上,1
挣扎,1
求生,1
搁,2
没有安装,1
没问题啊,1
叫他,1
不用花,1
可以拿到,3
300,4
分红,3
特地,1
妈耶,1
太能,1
人了,1
ok,1
长久,1
承担风险,1
从发,1
抵扣,2
水平,1
用多,1
算你,2
都让,2
实惠,1
上次,2
一帮人,1
就把,2
说给,1
听,13
你买,1
理财产品,1
你想好,1
安心,1
来人,2
大半夜,1
我问他,1
支架,7
图纸,1
发电能力,1
评估报告,1
经济评价,1
表格,1
无奈,1
又问,1
他要,1
参数,1
拿不出来,1
公司名称,1
总归,1
想了,1
而我,2
开发,2
必须要,1
在央企,1
下三滥,1
有多少人,1
玩意儿,5
太深,1
乱七八糟,2
切入点,1
亲戚家,1
上装,1
的那,5
堆,3
资质,2
多操,1
点心,3
一前,1
人买,1
太阳能热水器,2
道理,5
哪有什么,1
热水,1
得自己,2
烧水,1
前期投入,1
要付,1
按月,2
是按照,3
不包括,3
人为,2
排放量,1
点了,1
越来越觉得,1
夹带,1
私货,1
真要,5
请先,2
下载,4
国网,5
页面,2
签约,6
请仔细,2
325W,2
坡度,4
余电,3
白天,2
先用,2
0415,4
晚上,3
点后,2
0298,2
多余,3
送回,2
自动,3
095,4
国补,2
省补,2
市补,2
卖掉,4
不锈钢,2
自愿,2
送了,2
洗板,2
两次,3
0515,2
定时,3
没有了,4
最早,5
起步,5
到我,4
到好,2
浙江温州,2
朝南,2
515,2
质量,5
用料,2
设计方案,2
可行性,2
MES,2
晶科,9
Jinko,2
solar,2
自行,2
百度,3
行业龙头,2
市值,3
超,3
千亿,3
晶澳,3
特斯,2
分为,2
A,8
级品,8
降级,21
多出,2
近几年,2
可谓,2
供不应求,4
产线,2
加班加点,2
出货,2
接连,2
义乌,2
滁州,2
云南,2
楚雄,2
嘉兴,2
海宁,2
马来西亚,2
槟城,2
越南,2
等地,2
建设,5
片厂,2
次品,2
大客户,2
段时间,2
品把,2
堆满,2
包装,2
成品,2
堆放,2
车间里,2
三四米,2
宽,4
走廊,2
只留,2
80,4
公分,2
过道,2
效率,13
衰减,4
品连,2
出给,2
中小企业,2
早在,2
卖多少,2
用到,4
不用我,2
多说,2
那还好,2
不知名,2
很可能,3
皮包公司,4
太多了,5
业务员,5
跟她,2
优惠,3
原价,3
5500,4
只需要,3
1500,5
给她,2
转钱,2
牌子,3
没听,2
大牌,2
层,2
过滤,2
价,2
淘宝,5
搜到,6
是没,2
不止是,3
型号,4
专卖店,2
没有一笔,2
交易,3
回到,2
产品图片,2
放上去,2
一艘,2
有了,3
外观,2
售价,2
400,2
广东,5
说得,3
铁了心,2
叫停,5
房主,5
瓦数,2
工程款,2
每瓦,2
低于,4
成包,2
状态,5
钱能,2
抵,5
掏,6
净赚,4
是按,2
西北地区,2
日照,12
量比,2
西北,2
差了,2
预估,2
台风天气,2
装在,5
楼顶,8
就全,2
毁了,2
保,6
市面上,2
主流,2
找大,2
家电,4
格力,2
的的确确,2
有些公司,2
拍,2
走人,4
一部,2
钻空子,3
一定要看,3
假期,2
几户,3
但同时,2
眼睁睁,2
看着,5
夜夜,2
愁,2
分不清,6
选大,2
脱贫,2
边缘,2
私人的,4
干完,2
拍拍,2
检查,2
不一定,3
笑,2
做个,2
怎么说呢,5
签收,2
提成,6
按瓦,2
报价,2
一半一半,2
别想,8
我曾经,2
施工队,4
做好,2
防水,6
去找,6
外包,8
施工,2
伙伴,2
胶,2
封堵,2
泥,2
我俩,2
安全带,2
干过,3
窝囊,2
怎么怎么样,2
我回答,2
中间人,4
容量,3
社区,2
电工,2
业务人员,2
多问,2
这两天,2
也问,2
不出,4
间房,2
规格,2
一段时间,3
受不了,2
万多,4
主要是,11
维修费,2
怎么搞,2
今年过年,2
爸说,2
我看到了,2
要用,5
八米,2
多高,2
季风气候,2
八九级,2
风,2
把它,3
掀,2
院子里,2
伤,2
专找,2
不缺,3
洗地,2
大道理,2
我不信你,2
就这么简单,2
着装,2
谨记,2
钱多,2
送给你,4
玩不,2
一下吧,2
平,4
后期,6
长,4
18,3
金融性,2
在我看来,2
某维,2
电器,3
某泰,2
大力推广,3
反,2
现金,5
搅,2
屎,2
棍,2
我只,5
看清楚,5
规避,2
我们这些,2
做纯,2
不承担,2
看不出来,2
有毛病,2
前些天,2
按个,2
明白人,2
拉料,2
不要紧,2
已经安装,2
没谱,2
照了,2
户口本,2
安装完,2
先给,2
一定能,2
避坑,2
也太,2
草率,2
赶紧,2
辞,2
先不说,2
真假,2
太长,4
正屋,2
眼,2
些年,2
螺丝,4
固定,2
刮个,2
大风,2
掉下来,2
几片,2
安全隐患,2
屋里,2
温度,6
很低,4
算了吧,3
不值,3
送上门,4
人才,1
谁能,1
我看一下,1
非要,3
都到,1
手里,3
西柏坡,1
利民,1
天合,4
平泰,1
合众,1
租房,3
可能会,1
去走,1
变电所,1
带着,1
好点,1
镀锌,1
黑点,1
4x4,1
方钢,1
讲讲,2
大片,3
发电站,4
出资,2
80%,1
当地政府,2
说穿了,1
全说,2
讲解,1
画面,1
你的了,1
声音,5
原声,1
600,1
免费电,1
在找工作,1
陪他,1
叫我,2
明天去,1
面试,1
选好,1
好好看,1
是可以的,1
纯收益,1
重,1
考虑一下,1
承重,1
工人,2
都不想干,1
九百,3
能卖,1
倒闭,1
刚下班,1
农商行,1
聊起,1
部门,2
最初,1
三农,4
改成,1
乡村,5
振兴,4
懂得,1
去搞,3
金融业务,1
放贷,3
重心,1
别说了,1
用钱,1
牢饭,1
入不敷出,1
但也有,1
赚钱了,1
稀里糊涂,2
摆,1
租客,2
房东,2
燕过,1
拔毛,1
自古,2
最苦,1
最累,1
力,1
人头,1
我也是,3
跟他,1
错中,1
层层,2
分销,1
害群之马,1
这个问题,1
甩锅,1
玩法,1
搭建,2
打包,1
出售,2
国有企业,2
出个,1
没处,1
绿色,2
长期收益,1
加起来,1
爆出来,1
去告,1
八万,7
两万五,1
定金,1
结清,1
不管了,1
第四年,1
做就,1
总会,1
用吧,1
中肯,1
预计,2
这周,1
办完,2
新疆,2
西藏,1
照射,1
时间长,1
需求,1
更大,1
什不,1
去哪里,1
挨揍,1
0036,1
精准,3
贫困户,2
利好,2
五万块,1
几毛,1
介绍人,1
很容易,4
收割,2
悄悄的,1
用处,1
发无储,1
平谷,1
局限,1
也多,1
理论值,2
好看,1
往上走,1
一大片,1
山地,1
他又,1
不乐意,1
六年,6
时说,1
套住,1
在我,1
爷家,1
只知道,1
根本就是,1
扯淡,2
收购,1
价才,1
一毛,1
价是,1
最低,2
五毛,1
商用,3
工,1
八毛,1
谁也不知道,1
几万块,3
砸,4
不着,1
听到,2
心动,2
也该,2
还可以,13
三四万,1
还不错,1
担忧,1
早晚,1
三十几年,1
谁知道,1
几十年,2
我爷,2
被叫,1
上房,1
扫雪,1
我也不知道,1
还把,1
太慢,1
放弃了,1
脾气,1
肯定会,2
些钱,1
姑姑家,1
种地,2
亏损,4
也会,1
给我们,2
丰收,1
价时,2
闹灾,1
但没,1
闹点,1
灾价,1
一亩,1
朋友家,1
姑妈,1
给银行,1
火,1
冷,1
我是一个,1
保险业,1
从业,1
保险理赔,1
理赔,3
年全,1
岗位,2
财产险,2
意康险,1
财产综合险,1
一保,1
运营商,1
代为,3
投保,1
有很多,2
套用,1
保险责任,1
索赔,1
睁一只眼,1
闭一只眼,1
很小,1
不超过,2
负担得起,1
控制,1
四五百,1
275,1
瓦,5
投机,2
大棚,1
是一种,2
散户,1
我跟,1
交流,1
富裕,1
的原则,1
很大程度上,1
人却,1
刷,1
很简单,2
化肥,2
种子,2
农药,2
涨,2
原先,3
烧煤,2
取暖,2
烧气,2
荒山野岭,1
多得是,1
要在,3
百分百,1
大笑,2
问过,1
我了,4
嗝,1
一是,1
二是,1
舆论压力,1
短时间,1
发展壮大,1
的别,1
说好听,1
356,1
晴天,1
你以为,1
抱歉,1
万套,1
天真,1
都拿,1
寻思,1
万块,7
钱交,1
都用不完,1
动,1
就上,1
稳赚,1
阴阳,2
双,1
最拿手,1
承包,1
二包,1
三包,1
最有,1
轮到,6
好项目,2
对国家,1
你有,5
甜,1
接到,1
一个问题,1
太大,2
我就是在,1
国企,6
固定资产投资,1
长期,6
投资项目,1
稳定性,1
退坡,1
变少,1
年度,1
大修,1
重置费用,1
不保,2
说白了,5
使用权,2
金融机构,1
商贷,1
融资租赁,4
设备采购,1
阶段,2
均无,1
议价,1
权,1
见鬼,1
老爹,1
42,1
十一万,2
买下,1
到底是谁,2
谁的,2
给他,1
去买,3
只看,1
却没,1
承担的,1
2011,1
地理,1
加来,1
碍于,1
狗屁,1
老同学,1
面子,1
运,1
拉走,3
谁不,1
装要,1
违约金,2
谷子,3
爱困,1
斯坦,1
百平,1
一千多块,2
征信,1
变白,1
出了,4
向日葵,2
想要,3
联合银行,1
推出,1
这家,2
世界上最大,1
股东,1
骗你,10
要小心,1
江苏徐州,2
沛县,2
30,11
也对,2
很重视,2
只要是,3
老家人,2
让你,1
我疯了,1
那户,1
炸了,1
打雷,2
来找,1
办了,2
吃了,1
贷了,2
以为自己,1
花言巧语,1
老早,1
真的假的,1
不差,1
咱玩,1
不沾,1
盗用,1
扯蛋,2
希望不要,1
这都,1
按了,4
按不,1
纸质,1
给谁,1
收电,1
你跟,1
能撑,1
担心了,1
回娘家,1
前两年,1
一千块钱,1
就相当于,1
出租,3
能贷款,3
钱养,1
大西北,2
起来了,1
全国,3
全球,2
生产的,4
工商业,2
做户,1
是一家,2
子公司,1
大股东,1
设计院,1
合作方,1
城投,1
成熟了,1
夕阳,1
前景,1
骗能,1
门槛,2
传开,1
想坏,1
比重,1
不小的,1
身,1
在这个,1
很能,1
感受到,1
决心,1
缺,1
有限责任公司,1
细品,1
前院,1
院里,1
严严实实,1
每一滴,1
渗着,1
血,1
租地,1
方是,1
银行贷款资金,1
仅凭,1
一纸,1
不签合同,1
不给钱,1
哪门子,1
都说,4
不坑,2
是什么原因,1
供暖,1
500,4
往死,1
不够用,1
太贵,2
十几年,3
卖钱,2
骗你的,1
我弱,1
弱,1
不知情,3
出分,1
坏以,1
放在,3
和你,1
远大于,1
万亩,1
荒无人烟,1
戈壁,1
21,1
层面,1
宅基地,3
财产,1
抵押物,2
贪小失大,1
那会,1
正规渠道,3
夹,2
在里面,1
还是不错的,1
遮阳,2
足,1
顶层,1
我和,1
私人企业,1
包皮,1
或者说,3
十几家,1
zf,2
全包,2
公告,1
上有,1
一行,1
小字,1
统一安排,1
后果自负,1
家电下乡,2
长了,4
没装,2
房屋租赁合同,2
外地,1
陪同,1
才敢,1
接受,3
都不理你,1
电子,6
你和,1
作用,2
擦屁股,1
没法,2
看不到,2
背,4
治,1
你吗,1
第一家,1
我去,1
才去,1
淘汰,2
乙方,3
要去,1
烦,3
楼顶上,1
大功率,1
年底,1
那笔,1
拿了,1
怎么这么,1
五大,1
电力集团,1
🤨,1
我怀疑,2
有没有看过,1
乱说话,1
上个月,1
代理商,1
拿我手机,1
一个多月,1
我多,1
心眼,1
分清,1
人民网,1
好评,1
担保方,2
没收,1
坑货,3
租赁公司,1
听见,1
凌乱,1
大学生,1
费劲,1
踏入,1
挖坑,1
这么低,2
只能用,1
反思,1
楼上,5
只提供,1
又叫,1
没贷,1
留给,1
钻,1
把好,1
不跟,1
区分,1
还款额,1
垫付,1
闹事,1
收取,2
稻谷,1
一两个,1
星期,1
你说我,1
干什么呢,1
上大学,1
讲到,1
老师说,1
九成,1
玩得动,1
企,1
商企,1
违法行为,1
两分钟,1
浪费时间,1
绕圈子,1
音频,1
会做,1
途径,1
运营,3
农夫,1
把握,1
误以为,1
收税,1
土地税,1
平价,1
集中式,2
了一些,1
但也不是,1
当我们,1
傻子,5
这烂,1
剧本,1
就想,4
就怕,1
半路,1
广西人,1
广西,1
水电站,4
多得,1
乱来,1
方都,1
拿货,1
退款,1
夸大,1
到极点,1
楼房,2
全县,1
几千,3
没法用,1
洗澡,1
早晨,1
冰凉,1
全天,1
插电,1
那一,1
大桶,1
水,1
得多,1
费电,1
电热水器,1
2300,1
降息,1
还剩,3
一两百,1
有风险,1
运转,1
直接进入,1
涉嫌,1
最怕,1
上一年,1
我现在,2
做的是,1
需要提供,1
电能,1
美丽,1
暖气,1
管子,1
墙上,1
也别,1
平均寿命,1
更长,1
转换,1
往日,1
欠缺,1
法律意识,1
转,1
内销,1
就如同,1
镇,1
辐射,4
收集,2
热能,1
光能,2
内蒙,2
太少了,2
成片,1
纳闷,1
能做,2
科普,2
你一说,1
有多,4
底薪,1
综合,1
月收入,1
15000,1
封顶,1
 ,41
团建,1
聚餐,1
旅游,1
携带,1
家属,1
评定,1
优秀员工,1
给予,1
奖励,1
打卡,1
坐班,1
工作时间,1
自由,2
试用期,1
这饼,1
画得,1
真香,1
多谢,1
抱拳,1
来问,2
婆婆,1
大意,1
可卖,3
支配,1
任意,1
乐见,1
成的,1
增强,1
鉴别,1
汽车租赁,1
抓捕,1
搜寻,1
诈骗者,1
说不上,1
省电,1
要发展,1
来安,1
坎公骑,1
冠剑,1
俺村,1
空着,1
跟他们说,1
跟我,2
媳妇,1
我不敢,1
这个村,1
太弱,1
直,1
不拔,1
点毛,1
村口,1
出不去,1
唱反调,1
提出,3
既能,1
是指,1
民众,2
大幅,1
流动,1
增加税收,1
又能,1
你所,1
难点,1
正府,1
增加,1
好感度,1
惠民,1
和谐,1
掉,1
你让,2
别一,1
别把,1
愚蠢,1
文化,1
净化水,1
利国利民,1
坏透,1
总说,1
万恶,1
资本主义国家,1
我们是不是,1
国考,1
考,1
这行,1
有一套,1
一个字,2
无非是,1
体量,1
工业,7
越到,1
越坑,1
起飞,1
火力发电,1
多元化,1
鼓励,1
老美断,1
了你的,1
航路,1
你用,4
是一年,1
没电,1
装装,2
后一,1
头疼,1
年安,1
无非,1
全资,2
产权,3
发出,2
来电,1
约定,2
受益,1
卖价,1
有一个,7
10000,3
倍,2
然后就,1
算出,1
来自于,1
电气,1
线路,1
网箱,1
框架,1
吹嘘,1
前提条件,1
咋成,1
意外事故,1
由谁来,2
房屋结构,1
坍塌,1
雷击,1
干脆,1
地震,1
很早以前,1
思之,1
令人,1
发笑,1
最厉害,1
村官,1
寨子,1
一个叫,1
哥,1
一蹶不振,1
单位,1
职工,3
麻花,1
🤪,1
说个,1
最简单,1
要安到,1
空地,1
看上,4
弄点,2
几率,2
就少,3
一辈子,3
太行,3
高压,1
检测,1
项目经理,1
我也没,1
拉黑了,1
十八周岁,1
周岁,1
看重,1
很想,1
七十,1
不符合,1
年龄,1
在学校,1
大四,1
毕业,2
四份,1
签到,1
一半,7
才发现,1
多想,1
不合适,3
个人信用,1
当天,1
又给,1
换个人,1
没签,1
循环,1
就业,1
主就,1
二笔,1
😄,1
分给,1
愿,1
愿挨,1
管不着,1
👍,1
🏻,1
向博,1
主道,1
个歉,1
吹牛,1
写过,1
小说,2
老板,5
发明人,1
新行业,1
开创者,1
说这些话,1
七八年,4
家庭式,1
板能,1
捂眼,1
呜呜,2
好怕,1
正邦,1
纳尼,1
情报,1
系假,1
乱,1
电源,2
大方向,1
规划,1
用发,3
这块,1
专项,2
专办,1
转贷,1
南方,2
内蒙古,1
是否是,2
合规,1
你不信,1
三大,1
我建议你,1
坑农,1
一式两份,1
群里,1
不安,1
焊过,1
架子,1
老房子,1
生怕,1
一脚,1
把房子,1
破了,1
分期付款,1
刚开始,1
比较少,1
还行吧,1
同志,1
带领,1
有没有人,1
通俗易懂,1
听懂,1
不知道是不是,2
热门,2
四百多,1
邪门歪道,1
现在不行,1
贴钱,1
五百块,2
供电局,2
打钱,2
大牌子,4
电池板,2
热镀锌,2
苦力,2
干活,2
攻略,2
现房,2
证件,2
齐全,2
纠纷,2
农村用电,1
千万别,2
巨贵,1
保修期,1
短,1
弯弯绕,1
绕,1
幺,1
蛾子,1
可以直接,1
抢,1
都不现实,1
我在外面,1
转发,1
授权,1
否,1
中招,2
发给你看,1
背了,1
金融租赁公司,1
八万多,2
扣,2
卖电钱,1
后发,1
电钱,1
够不够,1
阿弥陀佛,1
通告,1
年国考,1
申论,1
真题,1
这一步,1
给自己,1
儿女,1
头铁,1
投,5
我的音乐,1
你听,1
不火,1
没有人知道,1
并用,1
补足,1
吃大亏,3
别装,1
保养,3
嘻嘻,1
没良心,2
我一个,2
也做,1
账,1
实实在在,1
算清楚,1
同事,1
年限,1
不怕了,1
不动,1
B,5
老有,1
账号,1
创作的,1
兜底,3
以前不,1
新出来,1
非法,1
官方,3
认证,6
装不装,1
不跟你,1
随便你,1
赚到钱,1
五五分,1
扭头,1
他能,1
终止,1
全拿,1
鬼,1
偷,1
近年,1
再生能源,1
建筑设计,1
把它们,1
是因为,2
解决问题,1
无所谓,1
要我,2
花点钱,1
东北,3
冬天,3
放屁,2
很久,1
设备维修,1
发布,1
你不是,1
取关,1
王八蛋,1
公知,1
有谁,1
实名,1
具体化,1
净化,2
环境,1
道听途说,1
主讲,1
客观,1
多方,1
共赢,1
不排除,1
上会,1
铤而走险,1
问了,1
装完了,1
才说,1
租了,3
期限,1
他妈,1
再怎么说,2
保质期,1
我也会,1
不在,2
两,1
纯纯,2
空手套白狼,1
我一分钱,1
我让,3
贷款给,1
我我,1
去给,1
美其名曰,1
你找一个,1
一笔钱,1
十年之后,1
抓狂,1
设备厂,1
抛售,1
货物,1
篮子,1
人有,1
是他,1
属实,1
不懂啊,1
保佑,1
骗出来,1
好几种,1
纯租,1
给结,1
我忘了,1
据我,1
收点,1
场地费,1
你呀,1
不想当,1
老子,1
骗术,1
万恶之源,1
ai,1
取代,1
北京,1
达内,1
卵用,1
我朋友,1
发电厂,1
电厂,5
获取,1
他像,1
看我,1
压根,3
缺电,1
卖点,3
风力,1
昧良心,1
听起来,1
哪来,1
本事,1
高利贷,1
银行放贷,1
贷就贷,1
挂点,1
不起来,1
两年多,1
已赞,1
首页,1
老夫,1
掐指一算,1
你得,1
富家,1
牵头,1
32,1
第一批,1
到账,1
320,1
履行,1
装作,2
看不见,2
不履行,4
纵容,2
犯罪,2
30w,2
要动,2
装修,2
长时间,2
撸,2
羊毛,2
不是这个,2
要花费,2
钱要,2
好久,2
自产自销,2
风险意识,2
连入,2
缓解,2
文件,3
没几个人,2
看得懂,2
底层,2
入职,2
全家,2
拉着,2
亲朋好友,3
我一直,2
我对,2
带坏,2
风气,2
企鹅,2
某博,2
某讯,2
坏掉,2
贴合,2
实际情况,3
先取,2
请,2
用词,2
断章取义,2
不重要,2
洗衣机,2
一个样,4
并入,4
当发,2
完之后,2
银行会,2
买走,2
百分之八十,2
三十年,2
相当于,3
电业局,2
口子,2
谁家,2
可以说,2
理由,2
逃避,2
敛财,2
骗骗,2
擦亮,2
眼看,2
找人,2
跑不了,2
在县城,2
两套,2
区的,2
怪我咯,2
让银行,2
收走,2
车子,2
拿走了,2
区区,2
见过,2
不经过,2
就动,2
阿婆主,3
你了,1
存定期,1
写进,1
好几户,1
投入,5
没想到,1
不收钱,1
世界上,1
怎么看,1
就看,1
合算,4
不合算,2
讲故事,2
邻居家,1
不是很,2
修房子,1
不方便,1
我也要,1
一码事,1
在上海,1
保油,1
科技有限公司,1
上海,1
博主说,1
兆瓦,2
九折,1
交给,1
红线,1
输出,1
介绍一下,1
正事,1
杀鸡取卵,1
短期,5
惊悚,1
盲人摸象,1
式的,1
论述,1
假装,1
不可信,1
研发,1
二道贩子,1
背锅,1
真累,2
在装,1
有两个,1
花费,1
7w,1
领,2
村安,1
没听说过,1
谈到,1
反倾销,2
扔回去,1
最可恨,1
消化,1
吃上,1
喝口,1
汤,2
观察者,1
网,1
最恶心,1
不懂得,1
一阵,1
认认真真,1
联通,1
是一个,2
美名,1
曰,1
不知道怎么回事,1
为了钱,1
狗东西,1
持平,1
叨叨,1
嫖,1
不合格,1
已是,1
普遍现象,1
自杀,2
两万块,1
江湖,2
是怎么,2
确认,1
私企,1
我只能,1
中心,1
个币,1
视频播放,1
公司员工,1
占领,1
但就,1
对你,1
炸骗,1
不长,1
打个,1
不错了,2
我才,1
我点,1
赞,1
投币,1
浓眉,1
可爱,1
酒窝,1
美女,1
上了吗,1
减碳,1
排放,1
美子,1
扣板,1
乱带,2
老乡们,1
擦亮眼睛,1
有关单位,1
脸红,1
评论的,1
准确,1
我还以为,1
平房,2
24,1
恒温,1
17,1
挺贵,1
装机容量,2
不记得了,1
140,1
刷到,1
都是一个,2
模版,1
乡下,1
务农,1
正式,1
风控,1
过得,1
好贷,1
辛苦,1
告诉我一下,1
我不怕,1
没骗,1
头上,1
原本,1
险恶,2
人心,1
贪心,1
名下,1
有房,1
限购,1
听不懂,1
真得,1
三间房,1
就是我,1
百八十,1
摄像头,1
工作证,1
涉事,1
录,1
即便是,1
也没什么,1
追责,1
临时工,1
托辞,1
公路,1
沙雕,1
工程,1
不少人,1
密集,1
减轻,1
什么用,1
身份,1
轻易,1
枪,1
指着,1
嫌弃,1
张口,1
一枪,1
换一个,1
润,1
看透,1
透,1
一出,1
补漏,1
真有假,1
进度条,1
到一半,1
看看谁,1
要是没有,1
地头蛇,1
分利,1
做成,2
很贵,1
扯,1
大旗,1
优势,1
投资小,1
咯,1
要走,1
逼逼,1
赖,1
赖的,1
复印件,1
正确,1
鼻子,2
好黑,1
结局,3
并不多,1
美事,1
滴,1
偶家,1
晒衣服,1
被子,1
花生,1
玉米,1
油菜籽,1
芝麻,1
咸菜,1
业主,1
民房,1
就够了,1
救命啊,2
拍了,1
手印,1
怎么办啊,1
一律,1
一下子,1
就告,1
下来了,1
条例,1
哈哈哈哈,1
反问,1
屋面,2
别去,1
并网发电,1
贪越,1
丢失,1
一分,1
投资规模,1
一定程度,1
进坑,1
我安,1
给对方,1
手机号,1
这只,1
立意,1
很恶心,1
不如说,1
号码,1
这两者,1
恶意,1
取缔,2
电信局,1
耸人听闻,1
买电脑,1
自己学,1
电脑城,1
整机,1
非常容易,1
旗杆,1
现在怎么样了,1
好奇,1
核心,1
有各种,1
想回,1
本会,1
滚蛋,1
照样,1
好用,1
稀疏,1
卖方,1
弄得,1
通常都是,1
从未见过,1
厚颜,1
无耻之徒,1
猪狗不如,1
面签,1
他方,1
小桀,1
就装,3
零食,1
陈慧琳,1
半自动,1
机器,1
月光,1
对我来说,1
很好用,1
几千块,2
离网,1
国际上,1
成绩,1
有云,1
一将,1
功成,1
万骨,1
枯,1
辩证,1
瞎说,1
怎么处理,1
交点,1
好丑,1
刮风,2
把那些,1
吹下来,2
爸车,1
口吻,1
防,1
绝望,1
要想,1
发财,1
留着,1
晒被子,1
风景,1
想起,1
恶势力,1
两种,2
不失,4
投下去,4
变现,12
买房子,2
另一种,2
实物,4
三五年,2
就完全,2
你存,2
一直都在,2
前提下,2
买个,6
可以卖,3
百分之十,3
可笑,2
沒,2
29750,2
8500,2
返还,4
板坏,2
毛多,5
整体,2
投资收益,2
会很,2
漫长,2
很高,5
全额,3
模式下,2
投资回报,2
会计,2
折旧,5
投资额,4
除以,2
核算,7
初始,2
这笔钱,2
养老保险,2
型,4
当做,3
应该说,2
玩具,4
持续,2
以后会,2
引路人,2
不合理,2
固定资产,2
投入了,2
资产,4
耗损,2
增值,6
10%,4
就是这个,3
就为,2
等价,2
东西连,2
通货膨胀,10
的干,2
还谈,2
片的,2
半衰期,2
转换率,2
降下去,2
哭吧,2
血本无归,2
归宿,2
腰斩,2
新人,2
很难受,2
入,2
能达到,4
23%,2
上升了,2
猛建,2
点点,2
你找我,2
33,4
类,2
资源,3
区里,2
本期,2
多回,2
没意思,2
视作,2
供电系统,2
家人,2
过上,2
更好,2
做不了,2
赶不上,2
通胀,7
能量,2
来源,2
课,2
代表,2
持续走高,2
我存,3
年入,2
百万,2
来买,2
玩玩吧,2
机会成本,3
闲钱,4
试试看,2
他是个,2
标的,2
抽出,2
一小时,2
两单,2
外卖,2
这多,2
550W,1
再降,2
再过几年,1
5000W,1
租聘,1
就以,1
高出,1
市场价,1
耗电,1
讲卖,1
安安稳稳,1
十来,1
不出事,1
觉的,1
我认为,1
身处,1
偏远地区,1
省点,1
清洁能源,1
自给,1
810,3
国产,1
硅板,1
好快,1
那要,1
板块,1
能在,1
炎热,1
45,1
太高,2
这一堆,1
破烂,1
污染物,2
倒,1
不便宜,1
放置,1
火灾,1
隐患,1
爆燃,1
吓人,1
不降,1
大坑,1
来过,1
下回,1
本要,1
麻烦事,1
意义,3
光衰,1
新手,1
熬到,1
第三个,1
赌博,1
回本路,1
tm,1
出场,1
买下来,1
建,4
个小,2
建个,1
再把,1
水发,1
搞个,2
毛线,1
三年来,1
下雨天,1
看到了,1
多盖个,1
阳光房,1
洗白,1
有份,1
我看下,1
搭棚,2
没比,1
光看,1
我想问一下,1
被告,1
4w,1
龙头股,1
装好,1
一万多,1
做一套,1
买了一套,1
瞐,1
多晶,1
单晶,3
多一倍,1
540,1
450,1
硬通,1
不亏,6
年化,2
9%,1
连续,1
阴雨天,1
不足以,1
要不要,1
清灰,2
灰尘,5
不清,1
会不会影响,1
收回成本,1
不错,6
投资回报率,3
才合,1
1200h,1
江苏,1
泰州,1
伪,2
隔热,4
很不错,1
我怎么感觉,1
够呛,1
修,1
嗯嗯,1
唧唧,1
还小,1
电够,1
多长时间,1
自我介绍,1
相亲,1
卫星,1
老哥,1
吃点,1
补一补,1
全卖,1
毛能,1
还需要,1
赚翻,1
爆发了,1
不打算,1
隔热层,2
了解到,1
便装,1
很坑,1
问题是,3
电压,1
限电,1
台风,1
吹,1
单晶硅,1
逐年递减,1
四万块,1
存存,1
饿了,1
私营,1
学校,1
路,1
走啊,1
不值钱,1
就难,1
嘲笑,1
口音,1
语言,1
没教养,1
不礼貌,1
转化率,2
也差,1
一千五百,1
5kw,1
多大,1
分摊,1
那么多年,1
并不比,1
接口,1
到手,2
031,1
造福人类,1
58,1
一换,2
更新,3
算进去,1
雇,1
送给,1
打理,1
高是,1
阴险,1
这那,1
占个,1
这还,1
年化算,1
也是醉了,1
好生意,1
期国债,1
无风险,1
后会,1
陈旧,1
风化,1
旧,1
不把,3
算入,1
集体农庄,1
享受,2
5%,5
路边,2
洗吗,1
亏死,1
互联网,1
一票,1
就跑,1
等你回,1
本时,1
慢慢吞吞,1
是啥,1
吉林,1
哪查,1
回本率,1
折旧率,1
流动资产,2
亏钱,2
刚买,1
辆车,1
转手,1
人工,1
根本无法,1
转让,1
无边,1
赔死,1
去试,1
3900,1
没趣,1
阶梯,4
发了,2
2W,1
多度,1
对于我来说,1
天台,1
迎来,1
大发展,1
死了,3
投资属性,1
装倒,1
😌,1
人嘴,1
真贱,1
大哥,1
电卖,1
上网呀,1
挣大钱,2
那不,2
挣点,2
31500,2
可以再,2
压,2
一压,2
住在,2
跑过去,2
操,2
偷工减料,2
一起干,2
看着他,2
每颗,2
裹,2
保护层,2
绝缘胶带,2
缠得,2
死死的,2
现在没有,2
老天爷,2
雨,2
4500,2
6127,2
实话实说,2
谈不上,2
都算,2
到死,2
一大笔钱,2
死贵,2
不要想,2
补充,2
没有什么,2
投资价值,2
大而,2
以卖,2
收购价,4
以大,2
承受,2
在市区,2
商品房,2
空间,2
来度,4
力气,2
我看到,2
最靠,2
指导,2
小别墅,2
千把,2
早到,2
档,2
支出,2
节省,3
大城市,2
百,2
很明显,2
托,2
表演,2
算笔,2
帐,2
通胀率,2
6%,3
105931,2
才算,4
人工成本,2
十万多,2
月入,2
1765,2
假设,4
2010,4
2020,4
购买力,2
年来,2
通货膨胀率,2
约,2
7%,4
上年,2
27,2
6400,2
远远超过,2
想屁,2
买基金,2
38,2
轮不到,2
044,2
倒挂,2
谷时,2
万存,2
银行利息,1
也够,1
抵消,1
说吧,3
照明灯,2
装满,2
8W,2
能交,3
天数,4
大型,3
人口,2
分布,2
绝大多数,2
灾害,2
非常低,2
一场,2
考虑到,2
庞大,2
没地,2
傻乎乎,2
库存,2
偏差,2
整天,2
目标客户,2
少女,2
偏远,1
山区,1
断电,2
极强,1
其他地方,1
税,1
算了算,3
789,2
凑整,4
900,2
我再,2
八十年,2
也用,2
记录,2
水费,4
一月,2
燃气费,2
涨得,4
二百多,2
三百多,2
四百,2
忽略,2
毛五,1
西欧,2
两三,2
最足,1
13500,1
净收入,1
11500,1
83000,2
真是一个,1
一个好,2
翻,2
几倍,2
尼玛,1
成本低,2
日照时间,1
也长,1
专人,1
当局者迷,1
旁观者清,1
不做,1
刮风下雨,1
挂了,1
都不行,1
割,1
韭菜,1
消纳,1
七毛多,1
集资,1
核电站,1
节能减排,3
区辣,1
大尾巴,1
已经成为,1
常态,1
耐高温,1
耐,1
气候变化,1
沙尘,1
清理,1
充足的,2
太少,1
间隔,1
过帐,1
哑口无言,1
自建房,1
请问你,2
便捷,1
室外,1
直射,1
看得,1
我笑死了,2
134,1
可把,1
日期,1
有哪个,1
外国,1
几块钱,1
电才,1
你哦,1
太难,1
90,1
广东地区,1
56wkh,1
玩玩,3
备用,1
创新,1
新技术,1
新产品,1
一地,1
鸡毛,1
万变不离,1
其钱,1
做广告,1
自发电,1
抢着,1
8w,7
折损率,1
不坏,1
不止一个,1
讲过,1
不交,1
来卷,1
10kw,1
包工包料,1
含,1
运费,1
60k,1
德威,1
外行,1
就在这里,1
笑死了,1
损耗,1
都还,1
保有,1
75%,1
配电,1
设施,1
流入,1
笑死人,1
高海拔,1
污染,1
就差不多了,1
在这里,1
云,1
玩点,1
拿一点,1
你给我,1
第二个,1
不懂装懂,1
叫唤,1
讲得,1
本额,1
自发,1
很划算,1
两码事,1
最大化,1
例外,1
切实可行,1
买卖合同,1
一千多,1
一两万,1
电缆,1
几百,1
一米,1
DIY,1
的小,1
鱼池,1
供氧,1
弄个,1
供着,1
有得赚,1
角,1
是那种,2
的需求,1
棚子,1
－,1
算少,1
余钱,1
你干嘛,1
万度,1
琢磨,1
如何解决,1
用不上,1
用不起,1
太搞笑了,1
送到,1
接,1
市电,1
沙漠,1
批量,1
采购成本,1
欧洲人,1
不买,1
多少人,1
可以通过,1
这项,1
凑钱,1
修路,1
致富,1
该有多好,1
出差,1
两句,1
解释,2
某件事,1
这个概念,1
你就可以,1
死期,1
差别,1
基准,2
期望,1
报酬率,1
8%,1
越高,1
抗风险能力,1
越强,1
可行,1
有兴趣,1
公式,1
借助,1
科学计算器,1
终值,1
现值,1
年金,1
更快,1
认识一个,1
广照,1
降雨,1
发挥的,1
参考,1
亿利,1
洁能,1
万千瓦,2
413,1
亿多,1
毛利,1
百分之,1
62,1
在建,1
备,2
用用,1
矿机,1
50%,1
都用,1
王道,1
先花,1
出去了,1
十几二十年,1
3500,1
23714286,1
12V,1
紧急,1
可控,1
突发事件,1
一天赚,1
天回,3
不适合,1
2500,1
实在,1
试试,1
讲了,1
沼气池,1
装点,1
不时之需,1
辅助,1
C,1
普通家庭,1
不卖,1
车,2
充电,1
算能,1
违章,1
搭盖,1
我笑了,1
输,1
不回,1
了看,1
小工,1
坊,1
很头疼,1
有没有什么,1
机电,1
捡到,1
的自己,2
控制器,1
HJT,1
转行,1
想知道,1
有哪些,1
槽点,1
优点,1
能源危机,1
有前途,1
养殖,1
种植业,1
托比,1
定期存款,1
利率,1
太扯,1
大马路,2
告辞,1
更三差,1
五,2
亮,1
看看你,1
仨,1
箱子,1
受得了,1
成本高,1
回本慢,1
最适合,1
店铺,1
冤种,1
加装,1
电梯,1
保养费,1
玩过,1
一轮,1
无利可图,1
200300,1
烧开水,1
也就是个,1
命题,1
文不对题,1
文化程度,1
太低,1
动手能力,1
强,2
部件,1
说明书,1
接线,1
想拿,1
省省,1
死你,1
拦住,1
那曲,1
用着,1
环保产业,1
就算了,2
化石,1
凑热闹,1
爱好,1
自己动手,1
快感,1
不可以,1
个人投资,1
鬼了,1
街上,1
商铺,1
肥,1
硅,1
一口,1
随便找,1
条,1
小溪,1
发动机,1
六七百,1
平能,1
🌸,1
养蜂人,1
必备,1
3bb,1
50kw,1
2200,1
省流,1
空气质量,1
要好,1
很麻烦,1
高原,1
瓦房,1
北方,1
供暖费,1
僵尸,1
充不,1
砸了,1
民用,1
点个,1
再走,1
亏欠,1
增幅,1
两万多,1
一般吧,1
玻璃钢,1
坚挺,1
共享,1
单车,1
fet,1
顶天,1
年里,2
可能出现,1
恶劣,1
死利,1
炒股,1
牛熊,1
交替,1
熊到,1
看不得,1
总能,1
翻个,1
极少数人,1
